,서울특별시 종로구,서울특별시 중구,서울특별시 용산구,서울특별시 성동구,서울특별시 광진구,서울특별시 동대문구,서울특별시 중랑구,서울특별시 성북구,서울특별시 강북구,서울특별시 도봉구,서울특별시 노원구,서울특별시 은평구,서울특별시 서대문구,서울특별시 마포구,서울특별시 양천구,서울특별시 강서구,서울특별시 구로구,서울특별시 금천구,서울특별시 영등포구,서울특별시 동작구,서울특별시 관악구,서울특별시 서초구,서울특별시 강남구,서울특별시 송파구,서울특별시 강동구,부산광역시 중구,부산광역시 서구,부산광역시 동구,부산광역시 영도구,부산광역시 부산진구,부산광역시 동래구,부산광역시 남구,부산광역시 북구,부산광역시 해운대구,부산광역시 사하구,부산광역시 금정구,부산광역시 강서구,부산광역시 연제구,부산광역시 수영구,부산광역시 사상구,부산광역시 기장군,대구광역시 중구,대구광역시 동구,대구광역시 서구,대구광역시 남구,대구광역시 북구,대구광역시 수성구,대구광역시 달서구,대구광역시 달성군,인천광역시 중구,인천광역시 동구,인천광역시 연수구,인천광역시 남동구,인천광역시 부평구,인천광역시 계양구,인천광역시 서구,인천광역시 강화군,인천광역시 옹진군,광주광역시 동구,광주광역시 서구,광주광역시 남구,광주광역시 북구,광주광역시 광산구,대전광역시 동구,대전광역시 중구,대전광역시 서구,대전광역시 유성구,대전광역시 대덕구,울산광역시 중구,울산광역시 남구,울산광역시 동구,울산광역시 북구,울산광역시 울주군,세종특별자치시,경기도 수원시 장안구,경기도 수원시 권선구,경기도 수원시 팔달구,경기도 수원시 영통구,경기도 성남시 수정구,경기도 성남시 중원구,경기도 성남시 분당구,경기도 의정부시,경기도 안양시 만안구,경기도 안양시 동안구,경기도 광명시,경기도 평택시,경기도 동두천시,경기도 안산시,경기도 안산시 상록구,경기도 안산시 단원구,경기도 고양시 덕양구,경기도 고양시 일산동구,경기도 고양시 일산서구,경기도 과천시,경기도 구리시,경기도 남양주시,경기도 오산시,경기도 시흥시,경기도 군포시,경기도 의왕시,경기도 하남시,경기도 용인시,경기도 용인시 처인구,경기도 용인시 기흥구,경기도 용인시 수지구,경기도 파주시,경기도 이천시,경기도 안성시,경기도 김포시,경기도 화성시,경기도 광주시,경기도 양주시,경기도 포천시,경기도 여주시,경기도 연천군,경기도 가평군,경기도 양평군,충청북도 청주시 상당구,충청북도 청주시 흥덕구,충청북도 청주시 청원구,충청북도 충주시,충청북도 제천시,충청북도 보은군,충청북도 옥천군,충청북도 영동군,충청북도 증평군,충청북도 진천군,충청북도 괴산군,충청북도 음성군,충청북도 단양군,충청남도 천안시,충청남도 공주시,충청남도 보령시,충청남도 아산시,충청남도 서산시,충청남도 논산시,충청남도 계룡시,충청남도 당진시,충청남도 금산군,충청남도 부여군,충청남도 서천군,충청남도 청양군,충청남도 홍성군,충청남도 예산군,충청남도 태안군,전라남도 목포시,전라남도 여수시,전라남도 순천시,전라남도 나주시,전라남도 광양시,전라남도 담양군,전라남도 곡성군,전라남도 구례군,전라남도 고흥군,전라남도 보성군,전라남도 화순군,전라남도 장흥군,전라남도 강진군,전라남도 해남군,전라남도 영암군,전라남도 무안군,전라남도 함평군,전라남도 영광군,전라남도 장성군,전라남도 완도군,전라남도 진도군,전라남도 신안군,경상북도 포항시 남구,경상북도 포항시 북구,경상북도 경주시,경상북도 김천시,경상북도 안동시,경상북도 구미시,경상북도 영주시,경상북도 영천시,경상북도 상주시,경상북도 문경시,경상북도 경산시,경상북도 의성군,경상북도 청송군,경상북도 영양군,경상북도 영덕군,경상북도 청도군,경상북도 고령군,경상북도 성주군,경상북도 칠곡군,경상북도 예천군,경상북도 봉화군,경상북도 울진군,경상북도 울릉군,경상남도 창원시 의창구,경상남도 창원시 성산구,경상남도 창원시 마산합포구,경상남도 창원시 마산회원구,경상남도 창원시 진해구,경상남도 진주시,경상남도 통영시,경상남도 사천시,경상남도 김해시,경상남도 밀양시,경상남도 거제시,경상남도 양산시,경상남도 의령군,경상남도 함안군,경상남도 창녕군,경상남도 고성군,경상남도 남해군,경상남도 하동군,경상남도 산청군,경상남도 함양군,경상남도 거창군,경상남도 합천군,제주도 제주시,제주도 서귀포시,강원특별자치도 춘천시,강원특별자치도 원주시,강원특별자치도 강릉시,강원특별자치도 동해시,강원특별자치도 태백시,강원특별자치도 속초시,강원특별자치도 삼척시,강원특별자치도 홍천군,강원특별자치도 횡성군,강원특별자치도 영월군,강원특별자치도 평창군,강원특별자치도 정선군,강원특별자치도 철원군,강원특별자치도 화천군,강원특별자치도 양구군,강원특별자치도 인제군,강원특별자치도 고성군,강원특별자치도 양양군,전북특별자치도 전주시 완산구,전북특별자치도 전주시 덕진구,전북특별자치도 군산시,전북특별자치도 익산시,전북특별자치도 정읍시,전북특별자치도 남원시,전북특별자치도 김제시,전북특별자치도 완주군,전북특별자치도 진안군,전북특별자치도 무주군,전북특별자치도 장수군,전북특별자치도 임실군,전북특별자치도 순창군,전북특별자치도 고창군,전북특별자치도 부안군,인천광역시 미추홀구,대구광역시 군위군
2024-04-01,262828.22,486183.78,157469.1,165890.27,64731.504,68224.17,44780.676,56025.133,30673.334,36087.203,59299.617,44240.54,59718.047,211237.22,57744.613,242949.88,151689.44,186553.27,495950.4,55049.684,59155.76,410251.06,786249.3,321377.0,101601.875,35002.047,20425.893,33551.76,24863.842,77521.8,44042.777,54971.516,32074.633,76807.73,59588.836,46017.54,96299.89,40823.543,27423.176,64070.77,47462.27,38283.117,70211.15,38270.953,28753.82,79501.93,64510.223,114186.68,73540.31,65466.426,19806.922,90101.44,151034.17,85956.81,47944.457,141403.34,12916.959,3392.3909,28033.234,73095.914,30093.447,84271.97,98883.5,71327.53,49519.6,102315.07,132743.5,69289.22,40957.406,87363.54,50619.195,75952.51,75992.79,79695.83,37472.215,65948.85,47978.324,210106.39,56959.04,73715.86,289956.3,59267.98,48424.203,112325.17,63882.082,179568.66,14839.172,-18.070408,39653.05,146087.53,64118.816,80143.586,36482.992,35805.332,30969.443,113973.24,42263.125,143548.69,57497.246,32622.553,68779.08,15.572233,92021.445,117721.57,51735.516,117881.37,92406.1,68816.06,125312.19,344273.8,88556.9,58851.645,61802.188,28068.459,8382.952,13192.606,17473.463,30251.139,84270.47,60160.863,54917.676,27309.16,8711.438,12151.63,9275.472,7774.2656,42201.14,10739.366,57275.58,7295.6553,2298.322,28312.49,23485.637,116773.586,46989.832,28279.992,9096.639,60653.44,17640.07,12987.458,13499.04,6809.91,20865.658,22000.982,11613.982,37344.742,66930.945,47467.453,57231.145,44747.766,13951.427,8125.6973,4660.082,10171.353,7791.096,17357.389,7526.5957,6382.981,12505.918,28967.17,17356.758,7628.61,11556.176,13776.068,8257.433,5481.159,6140.4907,92325.375,45916.73,81017.37,47291.383,33265.984,110188.195,18976.316,30479.717,17161.3,13433.157,73466.24,8765.98,4321.4067,2609.2888,5944.856,8426.851,12306.1875,14368.149,37282.61,8677.166,5657.2246,11223.034,1592.7157,71819.43,112053.46,28992.379,35361.84,26557.549,84995.164,18858.447,33669.496,146425.81,25106.143,69484.74,87367.57,6224.089,29030.773,14241.133,13936.879,6931.8433,8071.158,7683.9697,7067.527,11252.083,7861.3726,120897.06,38568.668,66468.14,101392.1,47695.652,17248.984,8757.782,15762.424,15465.319,15672.968,13180.388,9067.746,9585.023,12432.968,6949.669,4416.6655,3948.7634,6058.059,6352.596,5880.265,60873.684,76443.516,69195.24,63457.15,22584.074,15270.6,23928.24,40931.63,4933.974,5185.675,4023.783,5981.615,5682.377,9814.693,10204.458,62457.42,5086.8525
2024-05-01,261226.16,486781.9,158802.88,166779.69,63372.75,68422.58,43951.17,56652.934,30842.814,35064.785,60672.48,44603.156,60089.78,209545.03,58401.094,243743.42,150961.67,189067.23,499083.6,55119.184,60346.184,413737.47,769567.7,320073.4,102375.22,35133.754,20630.262,33661.96,24843.79,76073.17,43659.863,54811.707,32746.037,78868.4,59644.625,46450.652,96847.19,41009.43,26840.684,64160.805,47946.71,38377.57,70566.82,38279.81,28129.36,79565.24,64723.28,113538.63,73915.42,65192.836,19681.768,90392.12,154239.69,86564.336,48430.8,137073.14,13076.979,3803.8293,28906.863,73220.19,29805.434,83288.625,98792.586,71811.58,48940.027,102687.39,133204.17,68274.914,41809.387,87177.78,50215.04,76344.43,76559.89,79438.91,37539.18,65670.1,48364.273,205959.9,58135.062,74602.99,287752.4,58270.46,48254.17,112387.195,63983.137,184549.02,14706.706,-28.358366,39677.91,146092.72,64553.89,80319.414,36511.99,33074.117,30784.879,114040.47,42375.953,143436.14,56731.68,33006.67,69048.266,5.617138,92705.46,116489.74,52262.19,118235.875,92142.03,68826.8,125613.1,344387.53,88577.55,59108.96,62004.37,27731.887,8299.066,13557.117,17427.742,30521.344,82583.33,61044.51,55003.242,26678.38,8681.456,12109.288,9289.655,7931.328,41943.234,10938.097,57344.297,7046.0137,3946.2058,28033.254,23770.453,117041.61,46925.25,28170.018,9351.054,60964.758,17469.582,13053.954,12769.232,6638.523,20717.906,21992.496,11476.964,36948.523,66297.695,46747.285,54827.44,44928.793,14022.113,8012.7783,4633.7705,10203.444,7786.3384,17399.43,7476.984,6144.8823,12270.17,28317.816,17536.697,7424.1455,11472.64,13720.57,8349.87,5520.646,6061.209,91818.555,44389.332,83064.67,47057.98,32900.46,109145.54,18873.166,30622.273,17227.441,13210.008,74530.64,8599.613,4333.4077,2579.5757,5930.4,8679.762,12497.223,14226.356,37162.53,8908.136,5511.4966,11367.403,1792.3289,72562.8,112961.77,29502.2,35531.484,26324.617,85099.5,18771.982,33817.668,148424.72,25290.191,69503.13,88425.74,6208.5317,29085.057,14459.144,14037.927,6959.1626,7858.373,7693.453,6908.3955,11303.385,7997.225,121254.94,38835.04,69663.766,105360.164,48401.664,17708.717,8947.408,16461.395,15596.054,16050.218,13108.05,9482.111,9299.1875,12226.422,6911.2075,4617.66,4134.7275,6109.884,5912.3926,5930.5093,62021.29,76313.06,70483.47,63569.215,22151.045,14930.178,23969.697,41168.79,4955.2686,5137.558,3958.0088,5985.1577,4886.174,9336.003,10467.005,62546.43,5071.708
2024-06-01,259800.44,487147.03,160105.72,167496.38,61814.57,68393.63,43197.26,56735.164,30960.018,34303.844,61057.926,44915.582,59974.12,207667.5,59064.83,244539.6,150300.7,191870.22,501861.66,55115.586,60862.086,417792.56,755105.9,319147.78,102535.78,35186.66,20845.424,33691.688,24822.0,74898.24,43264.5,54523.66,33171.3,81233.44,59499.277,46639.703,97285.04,40360.523,26498.432,64221.617,48349.99,38488.26,70751.945,38288.2,27733.768,79432.11,64938.574,112960.14,74278.555,65033.434,19600.645,90704.36,157394.7,86827.16,48735.34,135675.97,13019.825,3936.826,29780.8,73267.47,29368.244,82950.78,98754.445,72176.37,48531.14,102851.47,133595.27,67628.18,42394.02,86709.016,49741.9,76633.2,77122.1,79307.99,37637.45,65467.535,48446.527,201743.89,59379.88,75298.27,284799.16,57739.07,48135.156,112464.945,64003.56,189347.33,14582.614,-37.79459,39701.5,146163.33,64821.965,80497.66,36534.094,30937.166,30728.645,114077.195,42486.523,143328.2,56151.402,33282.32,69324.67,-5.2093787,92996.266,115429.04,52700.457,118597.04,91968.12,68776.26,125889.52,344276.88,88585.36,59323.195,62150.7,27395.62,8269.597,13905.747,17400.365,30172.664,81068.25,61558.023,55066.0,26274.76,8626.476,12087.525,9238.826,8065.242,41693.11,11000.232,57413.773,6966.5176,5578.6978,27973.32,24012.848,117304.055,46895.992,28088.174,9490.448,61282.137,17331.24,12656.552,12546.416,6609.9795,20697.7,22015.633,11489.404,36719.27,66099.836,46555.465,53125.145,45102.43,14065.693,7887.1226,4579.236,10230.934,7731.961,17399.064,7399.553,6116.227,12135.565,27519.127,17528.24,7293.721,11369.03,13676.335,8323.579,5513.999,6024.6216,91455.3,43164.723,84669.96,46928.9,32724.041,108163.0,18770.79,30762.441,17246.162,13264.616,74947.69,8498.904,4347.808,2559.1763,5906.2305,8866.046,12696.146,14142.394,37126.613,8941.501,5556.6157,11366.874,1725.9784,72808.72,113664.195,29902.752,35692.543,26154.387,85043.71,18717.152,33940.637,150396.66,25418.396,69384.85,89505.34,6189.8745,29130.889,14526.759,14088.717,6985.1333,7797.236,7740.6997,6874.9697,11270.741,8082.132,121398.85,39083.035,71008.07,109443.93,48897.92,17876.145,8852.603,16906.988,15505.121,16261.561,13186.997,9828.131,9305.752,12336.275,6923.935,4688.463,4073.2366,6164.079,5644.2324,5956.683,62342.83,76056.34,71521.53,63546.336,22157.463,14788.535,24011.455,41204.08,5009.1724,5111.586,3970.1506,5982.522,4605.67,9054.286,10623.874,62532.37,5047.599
2024-07-01,258559.47,487431.38,161357.11,168163.39,61046.137,68249.47,42720.633,56363.594,31007.957,34011.87,60659.51,45053.254,59543.37,206044.27,59615.58,245171.53,149862.61,194707.39,504522.47,55063.344,61129.0,422448.53,743567.56,318530.66,102595.85,35219.99,20978.465,33684.22,24796.371,74043.484,42933.832,54261.707,33284.727,83555.64,59399.27,46744.395,97628.2,40093.145,26294.428,64247.883,48652.66,38617.617,70839.44,38320.773,27659.309,79263.71,64974.21,112654.51,74628.36,64992.35,19570.662,91023.445,160035.23,86811.734,48799.92,136870.42,12908.151,3959.3708,30493.656,73296.28,28997.01,82724.14,98710.625,72442.95,48240.305,102779.29,133952.94,67370.17,42716.69,86375.06,49254.316,76803.56,77675.36,79217.84,37724.46,65289.215,48348.363,198317.02,60696.45,75824.28,281714.47,57544.39,48061.246,112540.016,63977.312,193549.56,14510.469,-45.24568,39724.53,146274.66,64901.01,80675.125,36554.523,29367.44,30693.21,114099.46,42593.38,143211.36,55749.957,33458.367,69566.64,-15.72945,93146.19,114532.586,53097.85,118965.52,91825.45,68734.09,126154.4,344027.97,88584.65,59508.06,62274.992,27264.188,8250.699,14126.9795,17326.6,29858.117,79792.1,61446.836,55124.535,26428.861,8598.097,12068.136,9213.672,8177.0864,41460.4,11022.514,57479.805,6899.192,7172.6724,28019.627,24102.582,117561.79,46868.195,28049.717,9582.128,61594.926,17241.701,12406.981,12622.64,6601.1724,20684.082,22044.553,11483.086,36663.047,65889.14,46521.74,51835.023,45229.773,14079.636,7847.818,4539.3115,10279.686,7778.2197,17375.523,7368.9727,6140.834,12098.285,27161.379,17463.46,7322.3545,11306.093,13643.804,8266.039,5508.545,6056.0176,91151.33,42587.184,85505.47,46899.246,32702.201,107378.6,18732.85,30906.535,17213.268,13341.636,75425.54,8463.106,4360.929,2542.4412,5903.608,9042.922,12886.292,14109.331,37109.664,8946.734,5609.0703,11370.826,1666.8721,72803.016,114450.74,30098.05,35791.438,26040.463,84922.58,18678.5,34041.715,152188.05,25510.33,69193.74,90529.164,6192.3564,29184.705,14448.128,14140.193,7013.934,7772.0356,7745.008,6867.745,11257.711,8114.2397,121431.42,39271.27,70495.32,112838.836,49109.633,17905.516,8640.064,17075.236,15437.05,16026.121,13287.957,10206.368,9267.592,12281.1045,6989.809,4732.99,3983.079,6227.5117,5481.6646,5940.1914,62024.05,75729.5,73055.71,63446.574,22177.557,14740.255,24043.273,41183.62,5028.3203,5090.3687,3971.6702,5979.919,4721.944,8931.538,10650.57,62441.258,5032.664
2024-08-01,257520.97,487656.38,162543.72,168777.31,60833.906,68157.46,42460.05,55970.56,30980.041,34045.04,60050.293,45033.39,59199.6,204758.19,59954.605,245564.56,149526.45,197376.64,507152.8,54992.75,61384.17,427760.0,734871.7,318156.44,102730.16,35254.1,21011.328,33656.53,24765.791,73375.84,42705.395,54088.49,33162.086,85552.945,59420.953,46818.62,97912.086,40205.88,26194.582,64255.727,48870.125,38765.21,70887.09,38373.984,27782.58,79149.67,64885.652,112560.27,74955.53,65062.14,19563.367,91346.945,161966.05,86680.56,48726.63,138450.86,12848.681,3922.463,30969.268,73293.586,28778.832,82545.984,98661.945,72621.17,48014.38,102524.09,134284.27,67241.3,42895.31,86273.98,48772.895,76874.48,78207.21,79135.8,37804.273,65129.62,48187.348,195860.31,62098.87,76244.33,278723.34,57544.17,48028.37,112616.055,63950.145,197003.5,14465.203,-50.586452,39744.316,146417.86,64857.31,80847.34,36573.523,28463.047,30666.055,114110.05,42698.59,143097.16,55442.79,33582.562,69807.336,-25.787746,93242.92,113774.55,53460.633,119339.25,91715.69,68715.23,126413.75,343700.4,88577.266,59670.95,62391.695,27248.926,8240.779,14217.923,17218.867,29708.82,78709.89,60818.523,55188.582,26670.143,8582.565,12050.459,9227.557,8266.334,41255.516,11056.416,57540.613,6902.8857,8733.261,28068.49,24048.14,117820.336,46843.508,28051.305,9664.7,61899.77,17190.957,12495.19,12640.588,6594.067,20667.78,22072.75,11467.903,36698.184,65688.74,46457.953,50738.3,45371.06,14080.137,7865.148,4524.7783,10337.954,7797.327,17339.404,7379.1436,6135.685,12091.684,27157.994,17417.086,7381.1655,11277.253,13615.861,8233.375,5516.3604,6064.9565,90886.85,42458.46,85752.6,46929.297,32706.525,106761.45,18738.469,31052.004,17150.445,13341.412,76030.48,8442.311,4374.196,2519.91,5912.4004,9243.993,13085.231,14114.841,37090.887,8977.118,5600.2188,11443.547,1675.2133,72809.4,115725.29,30217.318,35847.023,25948.39,84795.55,18643.752,34131.668,153723.1,25592.441,68945.195,91461.5,6206.747,29249.54,14443.488,14194.515,7042.185,7755.0703,7745.274,6849.1484,11271.582,8113.8364,121432.445,39393.03,69303.06,114884.125,49060.89,17860.523,8582.832,17060.021,15477.676,16136.516,13360.169,10648.159,9238.331,12204.327,7002.7954,4819.4326,4020.9338,6285.127,5362.178,5951.202,61435.484,75408.664,74745.97,63349.867,22172.412,14727.279,24071.805,41196.59,5058.511,5074.195,3967.1396,5980.3394,4762.338,8834.841,10552.273,62332.188,5025.4585
2024-09-01,256682.06,487840.34,163654.66,169347.53,60708.0,68215.664,42329.113,55902.77,30913.168,34185.81,59709.89,44900.848,59171.844,203749.62,60047.08,245724.86,149228.98,199742.75,509792.38,54923.47,61680.71,433894.94,728163.94,317918.1,102969.52,35297.69,20936.389,33622.758,24729.203,72796.88,42584.688,54000.93,32959.785,87033.17,59499.49,46892.65,98178.94,40363.734,26165.514,64260.82,49026.605,38926.887,70939.5,38439.133,27941.404,79109.05,64772.137,112547.74,75270.15,65186.504,19560.611,91668.09,163283.36,86578.38,48659.332,138989.03,12865.139,3958.2957,31242.191,73273.2,28701.787,82358.81,98601.32,72742.516,47825.023,102184.91,134593.1,67113.234,43044.4,86280.22,48307.7,76876.69,78711.45,79053.3,37877.434,64981.844,48065.785,194228.39,63616.543,76605.484,275962.66,57611.81,48019.367,112692.83,63942.33,199761.3,14429.988,-54.03676,39763.66,146581.36,64813.53,81017.664,36593.33,28158.291,30637.352,114118.92,42797.457,142980.12,55175.637,33694.543,70050.95,-35.40636,93339.76,113118.17,53802.51,119724.8,91626.32,68722.91,126669.42,343335.56,88567.55,59824.625,62506.07,27262.408,8231.565,14120.304,17108.77,29711.81,77783.71,60162.164,55254.965,26712.232,8569.5,12028.974,9252.878,8333.583,41077.49,11109.848,57598.2,6944.175,10272.762,28110.19,23881.754,118075.84,46819.406,28077.41,9717.826,62197.867,17160.951,12732.353,12583.224,6586.4346,20638.898,22091.293,11429.737,36748.227,65487.426,46325.777,49750.156,45490.344,14083.441,7888.587,4520.3354,10396.902,7762.094,17298.69,7400.8955,6114.843,12088.196,27027.238,17421.346,7394.4834,11265.33,13595.855,8244.004,5530.8906,6065.687,90644.14,42510.727,85819.54,46985.336,32688.986,106267.91,18763.273,31196.955,17079.645,13303.118,76688.5,8422.598,4385.742,2487.5645,5921.978,9453.915,13302.684,14137.737,37070.547,9022.3545,5577.915,11547.957,1681.5173,72938.85,117844.375,30367.762,35894.992,25860.654,84702.305,18612.338,34211.88,155018.83,25676.207,68649.03,92303.16,6222.954,29325.562,14534.088,14246.327,7069.557,7739.8066,7754.7485,6825.4404,11293.781,8100.543,121445.88,39449.62,68597.74,115312.18,48843.438,17748.44,8693.947,16992.246,15531.781,16179.495,13441.087,11114.388,9226.028,12170.855,6982.359,4903.004,4106.2246,6335.68,5267.5073,5935.717,60964.82,75147.28,76452.51,63305.5,22154.537,14723.285,24096.613,41255.492,5059.39,5059.787,3953.2468,5983.3477,4737.536,8741.281,10366.42,62242.27,5021.91
2024-10-01,256026.56,487988.88,164678.47,169882.25,60306.38,68381.0,42253.6,56131.734,30820.377,34268.047,59739.016,44707.81,59370.72,202908.98,59953.754,245715.23,148953.6,201753.38,512459.25,54863.152,62002.477,441087.9,722711.9,317745.56,103245.6,35351.418,20782.252,33592.414,24689.963,72262.48,42542.94,53966.18,32827.49,87932.48,59540.727,46979.336,98462.9,40357.59,26167.955,64272.746,49161.297,39098.86,71008.734,38510.8,28032.193,79116.766,64688.125,112516.375,75573.27,65317.855,19555.504,91987.62,164306.67,86566.61,48687.016,138297.0,12924.123,4032.691,31424.895,73249.86,28706.143,82141.23,98533.164,72829.92,47658.01,101864.49,134892.61,66956.664,43227.383,86271.625,47863.39,76849.24,79187.11,78951.62,37945.0,64835.742,48035.137,193147.62,65273.867,76934.94,273494.78,57648.03,48017.305,112770.125,63957.027,202010.72,14397.288,-56.00523,39783.844,146754.45,64875.06,81187.36,36611.586,28261.777,30603.076,114125.6,42871.754,142863.7,54926.375,33814.523,70350.02,-44.67504,93440.77,112530.51,54130.902,120109.586,91545.78,68749.63,126921.57,342928.75,88555.7,59971.45,62616.76,27268.154,8216.795,13816.07,17023.111,29767.281,76986.914,59945.535,55324.406,26633.572,8557.2,12002.794,9281.653,8386.632,40921.42,11177.202,57654.156,6894.4814,11806.553,28139.418,23688.615,118329.12,46791.844,28108.6,9779.512,62492.008,17134.658,12912.286,12516.206,6575.5034,20597.607,22104.346,11370.149,36773.797,65277.426,46142.99,48828.36,45622.92,14096.443,7895.2524,4510.496,10454.118,7727.2773,17259.283,7413.672,6094.8525,12079.252,26499.344,17461.623,7377.3994,11257.426,13582.62,8289.723,5547.7427,6072.991,90421.24,42548.58,86101.48,47041.76,32648.318,105867.02,18792.352,31339.0,17020.057,13275.159,77369.71,8406.26,4395.3774,2459.774,5931.7935,9668.836,13544.4,14159.056,37050.21,9071.087,5572.854,11638.839,1691.8871,73162.37,121102.16,30563.256,35953.848,25773.24,84646.35,18583.676,34289.47,156124.61,25775.67,68314.76,93061.82,6238.2744,29409.965,14606.371,14295.704,7092.2285,7722.701,7764.1206,6802.726,11317.673,8086.18,121473.9,39459.36,68810.77,114393.45,48584.55,17631.307,8807.266,16972.86,15549.856,16136.776,13521.609,11552.815,9213.776,12123.491,6943.8027,4945.5806,4138.667,6369.2427,5194.8813,5918.452,60867.7,74967.516,78293.37,63307.477,22134.75,14716.111,24119.75,41336.695,5022.6294,5048.499,3930.0286,5988.095,4701.919,8655.281,10168.439,62187.254,5019.5186
2024-11-01,255533.67,488099.8,165603.48,170391.6,59687.473,68531.93,42175.63,56372.39,30718.1,34220.668,59776.07,44497.484,59542.863,202139.0,59795.477,245619.25,148697.97,203439.48,515160.03,54811.887,62333.59,449576.5,718505.06,317586.16,103509.88,35412.19,20606.35,33569.938,24651.701,71758.93,42541.52,53949.914,32841.41,88336.266,59502.906,47085.91,98785.91,40263.996,26168.096,64291.508,49306.12,39277.24,71087.68,38586.37,28029.062,79116.016,64632.312,112408.21,75871.18,65416.527,19547.652,92309.055,165424.2,86643.625,48812.54,137074.42,12982.706,4019.78,31636.246,73225.86,28727.988,81878.01,98455.19,72902.09,47506.418,101631.53,135182.11,66776.05,43457.277,86216.98,47442.926,76817.83,79635.42,78836.26,38007.434,64689.312,48098.086,192347.11,67106.29,77246.97,271319.56,57602.566,48007.133,112872.305,63987.78,203973.2,14362.254,-56.97592,39799.78,146926.44,65095.324,81353.58,36629.176,28581.098,30565.941,114127.055,42955.457,142750.2,54688.02,33946.38,70619.77,-53.70944,93541.65,111982.7,54446.324,120495.945,91471.17,68785.91,127163.29,342506.34,88540.0,60114.89,62727.484,27260.885,8193.654,13419.857,16975.31,29800.516,76299.414,60260.39,55392.83,26587.432,8547.86,11974.697,9307.36,8432.874,40783.117,11252.41,57705.91,6925.6826,13350.612,28157.404,23546.732,118573.766,46758.855,28131.725,9822.445,62784.15,17102.768,12984.849,12462.535,6561.287,20551.6,22111.137,11301.435,36735.062,65066.3,45936.895,47950.387,45727.016,14122.169,7887.6274,4493.1006,10508.731,7722.939,17222.45,7416.706,6076.715,12067.699,25786.35,17510.727,7364.472,11246.219,13572.824,8354.718,5565.1294,6081.9824,90228.75,42476.29,86807.18,47084.3,32593.389,105537.82,18819.568,31480.771,16993.908,13263.298,78066.68,8396.099,4402.0415,2438.3127,5941.531,9891.432,13810.796,14165.466,37030.5,9118.607,5574.5825,11711.352,1683.145,73406.95,125829.484,30772.79,36021.938,25687.143,84619.88,18557.828,34368.47,157156.56,25890.676,67951.234,93759.62,6253.418,29499.871,14626.508,14341.518,7115.9067,7702.879,7771.999,6781.575,11341.951,8078.3525,121505.1,39445.492,69716.22,112841.17,48413.203,17563.93,8803.774,17043.553,15562.812,16207.015,13603.196,11895.421,9206.691,12075.053,6887.519,4920.2046,4100.976,6382.0806,5141.7183,5914.9946,61177.785,74863.71,80338.055,63332.254,22108.992,14700.708,24142.814,41418.22,4952.7207,5040.142,3901.7542,5995.2544,4672.4824,8576.48,10044.701,62150.816,5017.081
2024-12-01,255179.53,488169.6,166419.55,170881.6,59168.8,68580.17,42058.93,56357.832,30631.15,34049.36,59563.41,44318.8,59463.12,201378.52,59676.836,245520.81,148462.31,204897.77,517898.1,54766.57,62664.49,459498.75,715783.25,317405.8,103745.02,35476.465,20468.73,33555.62,24616.682,71283.94,42538.137,53928.484,32998.32,88444.586,59422.65,47203.344,99156.92,40217.457,26140.965,64311.957,49472.617,39458.47,71178.29,38663.35,27966.041,79084.1,64582.96,112217.17,76161.805,65459.645,19538.713,92631.914,166937.62,86781.58,48987.93,136086.19,13017.152,3828.7676,31945.08,73212.38,28727.404,81585.67,98374.26,72968.98,47367.0,101508.4,135453.72,66582.02,43718.09,86142.664,47047.926,76795.84,80059.734,78707.875,38065.63,64542.418,48229.406,191623.56,69152.586,77547.86,269398.4,57474.453,47979.855,112970.93,64032.04,205842.4,14325.043,-57.418385,39811.387,147088.64,65451.3,81530.71,36648.72,28957.541,30527.682,114121.28,43039.656,142632.8,54459.387,34087.305,70887.64,-62.625603,93634.625,111461.22,54751.45,120881.88,91400.414,68824.055,127400.41,342057.84,88524.24,60260.023,62837.785,27245.357,8160.7397,13088.784,16966.44,29784.67,75702.98,60869.016,55458.19,26603.094,8543.224,11944.488,9331.115,8479.472,40658.36,11330.773,57756.227,6919.216,14919.957,28171.975,23512.354,118815.59,46724.82,28140.934,9882.585,63077.9,17064.523,13008.805,12416.64,6541.714,20505.139,22110.168,11226.157,36637.367,64853.938,45722.55,47104.4,45838.44,14157.972,7876.086,4473.386,10560.332,7743.164,17187.857,7415.2095,6058.7563,12051.682,25272.424,17556.82,7361.3286,11230.876,13564.462,8422.329,5581.86,6090.3105,90061.27,42276.305,87914.984,47108.48,32533.45,105265.266,18843.227,31619.994,17006.34,13253.474,78778.766,8386.042,4404.8916,2418.7917,5951.012,10122.221,14103.702,14148.266,37012.008,9163.461,5571.759,11784.168,1630.9846,73628.38,132409.7,30973.63,36091.22,25603.768,84610.39,18534.686,34452.24,158230.42,26014.295,67566.695,94425.81,6268.8037,29594.443,14646.415,14384.7705,7139.6777,7681.0483,7781.23,6761.579,11366.409,8082.699,121564.65,39425.95,70830.72,111512.664,48403.703,17560.76,8588.921,17195.02,15589.319,16256.386,13684.855,12014.0205,9202.59,12034.833,6822.5034,4812.1963,3989.88,6363.835,5102.4453,5910.6685,61750.336,74809.71,82534.586,63365.883,22080.736,14674.969,24162.162,41492.25,4866.9136,5032.9985,3876.6907,6003.3677,4641.5386,8501.162,10055.237,62125.61,5014.688
2025-01-01,254938.47,488203.25,167120.52,171360.31,58934.742,68520.77,41890.35,56132.76,30578.709,33800.836,59249.027,44235.645,59192.99,200600.55,59642.19,245476.81,148244.83,206263.58,520675.53,54723.992,62992.81,470749.94,714536.0,317184.2,103956.85,35541.86,20405.746,33547.24,24587.23,70837.85,42506.05,53892.707,33243.293,88524.914,59370.133,47325.008,99572.97,40200.094,26078.84,64329.688,49668.92,39644.117,71278.695,38739.168,27896.791,79040.76,64536.465,111980.28,76447.484,65447.887,19529.936,92959.77,168981.42,86964.41,49164.594,135582.31,13028.686,3031.876,32356.248,73215.56,28691.082,81283.67,98292.85,73037.67,47237.445,101482.734,135715.55,66381.555,43987.78,86078.9,46678.414,76800.59,80464.91,78577.516,38120.57,64394.844,48399.75,190850.9,71450.14,77841.07,267675.28,57291.31,47935.52,113068.35,64082.387,207746.2,14287.48,-57.724724,39823.04,147234.83,65854.85,81708.336,36664.668,29277.11,30490.441,114118.914,43115.324,142512.39,54239.727,34232.5,71155.85,-71.52466,93733.1,110957.95,55053.59,121271.375,91327.94,68860.67,127624.56,341596.06,88507.484,60408.13,62947.316,27226.725,8120.8257,12984.211,16989.865,29742.652,75181.24,61400.56,55520.008,26628.896,8540.187,11914.01,9354.56,8531.638,40543.707,11409.854,57807.043,6807.578,16527.758,28183.633,23605.24,119055.97,46687.887,28141.03,9894.243,63372.688,17020.193,13050.032,12372.545,6515.2227,20450.63,22105.729,11152.275,36525.77,64649.79,45520.992,46284.332,45917.812,14198.975,7865.1562,4455.6855,10610.242,7793.8306,17155.383,7415.6187,6040.286,12035.925,25025.904,17596.03,7357.9243,11213.213,13555.648,8482.354,5596.4253,6098.741,89908.96,41987.94,89255.68,47113.867,32468.424,105037.94,18860.75,31757.162,17061.941,13236.12,79513.2,8370.227,4400.9067,2387.396,5957.694,10355.18,14423.301,14105.899,36994.973,9204.156,5565.179,11864.956,1600.2297,73822.79,140893.12,31165.113,36156.363,25523.783,84606.44,18513.809,34539.312,159466.75,26137.953,67168.81,95092.21,6284.8833,29691.549,14694.416,14425.467,7162.869,7655.504,7792.6196,6741.2163,11390.306,8103.637,121644.62,39414.54,71761.52,111074.25,48568.34,17626.225,8301.348,17390.318,15613.632,16264.921,13768.373,11842.941,9199.755,11994.762,6776.554,4675.0938,3828.5593,6324.0103,5072.8706,5903.0137,62398.445,74771.4,84866.234,63407.938,22048.314,14639.363,24180.873,41559.574,4794.7393,5027.6416,3860.3086,6010.905,4607.8115,8425.206,10204.77,62130.617,5011.755
2025-02-01,254786.38,488196.5,167704.8,171835.64,58899.05,68446.086,41677.953,55941.4,30589.91,33533.676,59195.176,44303.74,58960.844,199820.45,59696.098,245522.78,148042.3,207676.23,523492.5,54682.082,63327.773,482857.97,714459.1,316935.8,104159.01,35607.418,20437.604,33542.668,24570.73,70421.47,42445.477,53849.516,33506.363,88847.55,59369.37,47464.164,100024.91,40198.105,25983.975,64344.203,49892.8,39839.94,71395.01,38814.195,27855.889,79021.42,64515.414,111754.28,76736.28,65400.113,19521.451,93308.18,171535.33,87163.47,49323.207,135389.52,13034.778,2760.7422,32829.246,73235.125,28634.102,80996.484,98227.74,73113.32,47117.617,101540.77,135994.95,66187.516,44257.64,86036.18,46334.785,76833.31,80855.33,78466.61,38173.387,64253.6,48581.633,189967.72,74046.92,78132.19,266091.47,57104.062,47880.79,113176.56,64155.957,209742.1,14260.608,-58.175877,39847.637,147363.19,66209.77,81890.8,36684.895,29466.396,30457.18,114128.336,43202.86,142412.86,54030.586,34382.086,71433.984,-80.477325,93853.49,110468.625,55349.332,121668.27,91260.375,68897.63,127846.23,341148.44,88494.016,60569.02,63074.414,27210.346,8086.9463,13176.183,17046.604,29704.18,74721.02,61528.223,55598.312,26655.361,8543.746,11904.046,9387.102,8593.719,40437.883,11492.829,57860.555,6769.5312,18185.055,28219.1,23814.898,119301.83,46657.402,28154.346,9964.788,63671.17,16974.334,13136.722,12331.87,6496.907,20402.055,22116.23,11097.817,36467.867,64463.344,45349.086,45490.94,45995.355,14243.072,7858.91,4441.8223,10659.258,7865.4863,17128.164,7419.888,6023.5186,12032.389,24838.664,17644.826,7356.0635,11197.694,13547.961,8536.772,5615.91,6108.5605,89772.9,41667.668,90637.336,47111.96,32411.402,104846.73,18892.127,31900.062,17149.258,13223.3955,80270.836,8362.905,4396.5737,2364.067,5964.506,10586.723,14769.4,14047.805,36978.91,9244.042,5562.8335,11949.679,1655.1211,74015.19,150109.27,31357.875,36219.117,25447.186,84608.664,18495.328,34634.168,160955.84,26266.785,66764.375,95781.984,6303.5283,29794.332,14765.181,14465.267,7188.794,7631.1597,7807.1626,6726.0933,11422.408,8144.964,121751.64,39435.773,72405.65,111809.87,48900.914,17770.633,8233.936,17594.914,15642.225,16324.965,13851.87,11557.933,9196.514,11955.599,6785.598,4647.313,3775.4153,6322.2383,5053.975,5910.5254,62976.684,74727.02,87316.44,63500.586,22048.555,14610.276,24211.115,41629.906,4789.0503,5027.962,3864.1794,6023.245,4578.009,8351.58,10444.252,62192.383,5009.549
2025-03-01,254704.28,488142.66,168175.56,172318.11,58837.152,68437.625,41443.61,55960.312,30682.303,33284.715,59593.727,44488.668,58926.484,199088.19,59826.13,245658.45,147856.12,209257.19,526359.44,54639.97,63685.496,494973.38,715187.6,316680.9,104364.7,35673.188,20553.812,33539.316,24567.83,70033.83,42363.816,53807.574,33729.22,89617.33,59403.938,47631.348,100501.64,40233.03,25854.17,64356.51,50138.312,40042.465,71520.94,38889.54,27827.176,79035.5,64519.31,111563.31,77021.65,65342.938,19513.705,93628.734,174450.75,87359.445,49460.23,135217.47,13053.951,2883.2905,33307.73,73270.57,28576.0,80711.65,98163.74,73195.06,47006.055,101646.77,136290.5,66004.98,44523.727,86009.16,46017.43,76910.34,81235.34,78364.05,38227.004,64122.816,48751.418,188972.0,76997.555,78420.93,264594.6,56942.44,47825.51,113277.234,64249.574,211823.16,14247.158,-58.9332,39871.56,147474.38,66439.664,82076.5,36706.383,29479.844,30427.963,114130.82,43283.938,142326.25,53831.91,34534.53,71719.555,-89.57098,94007.1,109996.61,55640.0,122057.35,91197.695,68935.62,128064.56,340714.1,88491.87,60731.55,63212.414,27199.648,8065.006,13549.175,17117.494,29676.781,74310.14,61165.38,55682.08,26692.104,8556.959,11896.104,9427.067,8667.895,40337.367,11576.91,57917.9,6819.807,19900.79,28273.094,24079.768,119559.11,46629.332,28175.516,10096.787,63976.23,16931.46,13254.319,12294.639,6484.8413,20355.117,22128.857,11066.232,36467.836,64282.945,45213.34,44723.89,46072.082,14288.39,7857.5312,4430.6997,10709.13,7977.4365,17108.883,7434.045,6009.282,12033.344,24536.795,17697.834,7359.7646,11187.148,13542.257,8589.121,5640.6694,6122.031,89664.055,41353.43,91935.12,47114.28,32370.559,104684.54,18935.758,32037.367,17228.908,13215.594,81048.72,8370.199,4394.5596,2352.3728,5974.53,10813.048,15141.149,13988.533,36963.555,9283.737,5561.332,12035.823,1759.6146,74230.95,157707.08,31556.445,36278.754,25373.674,84623.47,18479.902,34733.258,162719.45,26387.77,66359.58,96507.484,6324.9165,29899.875,14824.08,14504.044,7212.2373,7606.3193,7820.391,6712.9565,11462.869,8195.313,121921.914,39480.152,72895.86,113586.41,49333.734,17981.047,8474.21,17773.22,15686.975,16364.338,13937.597,11345.137,9193.056,11917.096,6848.057,4740.219,3892.8787,6365.8687,5040.885,5933.189,63341.723,74662.14,89888.86,63575.316,22052.498,14578.888,24238.393,41708.188,4840.215,5025.4854,3880.481,6037.287,4554.3384,8279.601,10685.408,62274.875,5008.562
